000067f3419a12fe.jpg,000067f3419a12fe.txt
0001b46b0b82ee29.jpg,0001b46b0b82ee29.txt
00068a9d975dcc8a.jpg,00068a9d975dcc8a.txt
000987553e6923f4.jpg,000987553e6923f4.txt
000b606e130bdf5e.jpg,000b606e130bdf5e.txt
00102eb3057668c2.jpg,00102eb3057668c2.txt
0039f1ed3c3405d4.jpg,0039f1ed3c3405d4.txt
00786c2736cb621e.jpg,00786c2736cb621e.txt
00d1d158d10bf7ec.jpg,00d1d158d10bf7ec.txt
00fc015e8084be33.jpg,00fc015e8084be33.txt
013eebec03a24298.jpg,013eebec03a24298.txt
017c4b0483d81ae5.jpg,017c4b0483d81ae5.txt
018c00b229429908.jpg,018c00b229429908.txt
01a1df12e9b0265b.jpg,01a1df12e9b0265b.txt
026925aa1762fcd7.jpg,026925aa1762fcd7.txt
0293d96ecc9958be.jpg,0293d96ecc9958be.txt
02af60edbfbe258b.jpg,02af60edbfbe258b.txt
02b775082a08121c.jpg,02b775082a08121c.txt
02dde3f2184e6986.jpg,02dde3f2184e6986.txt
047f2adc3835792a.jpg,047f2adc3835792a.txt
04e4314a9854c65d.jpg,04e4314a9854c65d.txt
04eabd9d8017879d.jpg,04eabd9d8017879d.txt
051603a6b3f2bd81.jpg,051603a6b3f2bd81.txt
0531991ecc39103a.jpg,0531991ecc39103a.txt
054744d67fdc06ba.jpg,054744d67fdc06ba.txt
05c2b6adb55b7485.jpg,05c2b6adb55b7485.txt
060f839ec876f4e8.jpg,060f839ec876f4e8.txt
06ca72bf03a05e54.jpg,06ca72bf03a05e54.txt
07160dfef6a18255.jpg,07160dfef6a18255.txt
0717acb55f86d630.jpg,0717acb55f86d630.txt
072f96e91b945bfe.jpg,072f96e91b945bfe.txt
078f38c6f9c1e668.jpg,078f38c6f9c1e668.txt
07b038f0432e9c73.jpg,07b038f0432e9c73.txt
07ed8f236e0930f0.jpg,07ed8f236e0930f0.txt
0832c9dca968cfe9.jpg,0832c9dca968cfe9.txt
0838caa1638a179d.jpg,0838caa1638a179d.txt
08cc141a61353405.jpg,08cc141a61353405.txt
09003fbca612c4ed.jpg,09003fbca612c4ed.txt
09351cd7229c99bf.jpg,09351cd7229c99bf.txt
0936ad0886905bbd.jpg,0936ad0886905bbd.txt
0965e06a31aff85a.jpg,0965e06a31aff85a.txt
0a9b45755f177e9f.jpg,0a9b45755f177e9f.txt
0aca2e10d8580f5e.jpg,0aca2e10d8580f5e.txt
0ae348273ff5f1f0.jpg,0ae348273ff5f1f0.txt
0ba51d2ec03f9913.jpg,0ba51d2ec03f9913.txt
0bbbf9187b465fb8.jpg,0bbbf9187b465fb8.txt
0bca87924f83dda7.jpg,0bca87924f83dda7.txt
0c0dd694341683ed.jpg,0c0dd694341683ed.txt
0c33c636681e350b.jpg,0c33c636681e350b.txt
0d2090ea279cafee.jpg,0d2090ea279cafee.txt
0d6ca5a220fbe376.jpg,0d6ca5a220fbe376.txt
0da01d077b0f6d3b.jpg,0da01d077b0f6d3b.txt
0da8aa899722de58.jpg,0da8aa899722de58.txt
0dbd4f6ceba3646b.jpg,0dbd4f6ceba3646b.txt
0e345fa1d8292cbc.jpg,0e345fa1d8292cbc.txt
0e652d69bf949104.jpg,0e652d69bf949104.txt
0ea2d29bbf1d0809.jpg,0ea2d29bbf1d0809.txt
0ea9bcf688b2deaf.jpg,0ea9bcf688b2deaf.txt
0ecc26963f53d74d.jpg,0ecc26963f53d74d.txt
0f030047de827f4b.jpg,0f030047de827f4b.txt
0f72e2a8ed66ee6c.jpg,0f72e2a8ed66ee6c.txt
0f7dfb91ae0a575d.jpg,0f7dfb91ae0a575d.txt
0faabc95bd041007.jpg,0faabc95bd041007.txt
0ff782c89049e459.jpg,0ff782c89049e459.txt
101fa70140606ee8.jpg,101fa70140606ee8.txt
104376a3991d2434.jpg,104376a3991d2434.txt
104fc67d78c6f513.jpg,104fc67d78c6f513.txt
10797ce4b5cfbe86.jpg,10797ce4b5cfbe86.txt
10942f8e8073b166.jpg,10942f8e8073b166.txt
116ab50e44a2c9ce.jpg,116ab50e44a2c9ce.txt
11a23bfd76bf5b34.jpg,11a23bfd76bf5b34.txt
123751d737899386.jpg,123751d737899386.txt
129ed5808b559864.jpg,129ed5808b559864.txt
12ba8e4b8965d4c6.jpg,12ba8e4b8965d4c6.txt
12c9f1e1cb5e8d0b.jpg,12c9f1e1cb5e8d0b.txt
1343195556ac8ca6.jpg,1343195556ac8ca6.txt
143032de774889ab.jpg,143032de774889ab.txt
146ac46364e2acc1.jpg,146ac46364e2acc1.txt
1479adf47cf75bb9.jpg,1479adf47cf75bb9.txt
14873763d1204751.jpg,14873763d1204751.txt
14deb48191151eb6.jpg,14deb48191151eb6.txt
14e42629ca120726.jpg,14e42629ca120726.txt
14f636fd89b2dee1.jpg,14f636fd89b2dee1.txt
152f88d50f420229.jpg,152f88d50f420229.txt
1538a0c79c7e9e82.jpg,1538a0c79c7e9e82.txt
15434840023ebdda.jpg,15434840023ebdda.txt
154f91d699a96e46.jpg,154f91d699a96e46.txt
156496177422c905.jpg,156496177422c905.txt
1600aeb901eb7bf6.jpg,1600aeb901eb7bf6.txt
1634c8148313c3ed.jpg,1634c8148313c3ed.txt
16381870252fd697.jpg,16381870252fd697.txt
164019116d2d259e.jpg,164019116d2d259e.txt
1674b6a3e299fe1f.jpg,1674b6a3e299fe1f.txt
167b5a419f66fc91.jpg,167b5a419f66fc91.txt
16bc85ae96ca5366.jpg,16bc85ae96ca5366.txt
16df503ba33a1313.jpg,16df503ba33a1313.txt
16f6c63ab7eb6b05.jpg,16f6c63ab7eb6b05.txt
17bd53dcdf57af70.jpg,17bd53dcdf57af70.txt
17da234a83047f70.jpg,17da234a83047f70.txt
17f91d17afd16cc9.jpg,17f91d17afd16cc9.txt
1804af2275e108c6.jpg,1804af2275e108c6.txt
187f8a9026ce1419.jpg,187f8a9026ce1419.txt
192e93d5a94dd69d.jpg,192e93d5a94dd69d.txt
193025f94814fcca.jpg,193025f94814fcca.txt
194e949e55d25cb4.jpg,194e949e55d25cb4.txt
1981ba9406cbb2b6.jpg,1981ba9406cbb2b6.txt
1a01fa444fe8996d.jpg,1a01fa444fe8996d.txt
1a2fd909d85db366.jpg,1a2fd909d85db366.txt
1b17a1e77320144b.jpg,1b17a1e77320144b.txt
1b8bf394ec94b0f0.jpg,1b8bf394ec94b0f0.txt
1bbe3cae4112ebb5.jpg,1bbe3cae4112ebb5.txt
1c505eb2fe2ff1b8.jpg,1c505eb2fe2ff1b8.txt
1cd6effab4f029bb.jpg,1cd6effab4f029bb.txt
1cdbcccaff977405.jpg,1cdbcccaff977405.txt
1da450df418b2cc3.jpg,1da450df418b2cc3.txt
1de83bc591bc38b5.jpg,1de83bc591bc38b5.txt
1ebb2f2fbc3a6d74.jpg,1ebb2f2fbc3a6d74.txt
1ec441550e479cc9.jpg,1ec441550e479cc9.txt
1ed27608dc27aab6.jpg,1ed27608dc27aab6.txt
1ee0230c49c0d937.jpg,1ee0230c49c0d937.txt
1eff6417008d205d.jpg,1eff6417008d205d.txt
1f5a3035edf4b0bf.jpg,1f5a3035edf4b0bf.txt
1fd66d22295cdc55.jpg,1fd66d22295cdc55.txt
20033ac925203bac.jpg,20033ac925203bac.txt
20245b9f4bcc3f9d.jpg,20245b9f4bcc3f9d.txt
20489f39a4dd7bf7.jpg,20489f39a4dd7bf7.txt
20b93896f6b99db0.jpg,20b93896f6b99db0.txt
20ebcd4d905aed07.jpg,20ebcd4d905aed07.txt
20fceb9ade5ccbf7.jpg,20fceb9ade5ccbf7.txt
2107b087159dcedc.jpg,2107b087159dcedc.txt
218820f584c37c46.jpg,218820f584c37c46.txt
21b61fec86a32775.jpg,21b61fec86a32775.txt
22006ebb42299c78.jpg,22006ebb42299c78.txt
22a45d4a48a871e8.jpg,22a45d4a48a871e8.txt
2308661a800b1dff.jpg,2308661a800b1dff.txt
231444b32250d233.jpg,231444b32250d233.txt
231b7bc79d2821ff.jpg,231b7bc79d2821ff.txt
239dfa1b003f4f53.jpg,239dfa1b003f4f53.txt
24072e8bcf96acd7.jpg,24072e8bcf96acd7.txt
2410e629ba6ace51.jpg,2410e629ba6ace51.txt
24ea3b6d7aaf4b47.jpg,24ea3b6d7aaf4b47.txt
2539aa7ba881bd2f.jpg,2539aa7ba881bd2f.txt
25791dac3e63418c.jpg,25791dac3e63418c.txt
25a78ff0cd6d6d18.jpg,25a78ff0cd6d6d18.txt
25dc528939b43cbb.jpg,25dc528939b43cbb.txt
265815f17e81ca19.jpg,265815f17e81ca19.txt
267d5591e22ec85c.jpg,267d5591e22ec85c.txt
269c33878d8c65fb.jpg,269c33878d8c65fb.txt
26c7156dec27ef96.jpg,26c7156dec27ef96.txt
2732d61757fe781d.jpg,2732d61757fe781d.txt
273797701adb55ad.jpg,273797701adb55ad.txt
276b4f6c194f1ef8.jpg,276b4f6c194f1ef8.txt
279399f9ee5649f4.jpg,279399f9ee5649f4.txt
27aac358e9eb4ae0.jpg,27aac358e9eb4ae0.txt
27f6670b89f58444.jpg,27f6670b89f58444.txt
28384223e186586e.jpg,28384223e186586e.txt
2902d74dfff26a15.jpg,2902d74dfff26a15.txt
291444705b849b64.jpg,291444705b849b64.txt
293cd4e28c4842d5.jpg,293cd4e28c4842d5.txt
2975b77803d123bb.jpg,2975b77803d123bb.txt
2990caa8a118956c.jpg,2990caa8a118956c.txt
29fac4e30c3c44e0.jpg,29fac4e30c3c44e0.txt
29fdf6b9c0baf73c.jpg,29fdf6b9c0baf73c.txt
2aaf31065c31d7aa.jpg,2aaf31065c31d7aa.txt
2ad9b1bb1101ecf2.jpg,2ad9b1bb1101ecf2.txt
2b58f668bdb25818.jpg,2b58f668bdb25818.txt
2bdfb4390eeaced5.jpg,2bdfb4390eeaced5.txt
2c0e9b94aa3f0477.jpg,2c0e9b94aa3f0477.txt
2c22384e6338b708.jpg,2c22384e6338b708.txt
2c2aa3f2ac6be85c.jpg,2c2aa3f2ac6be85c.txt
2c338950d3798c89.jpg,2c338950d3798c89.txt
2cdbef7e501c6871.jpg,2cdbef7e501c6871.txt
2d3a1582e5ba8b93.jpg,2d3a1582e5ba8b93.txt
2e5035b23c517694.jpg,2e5035b23c517694.txt
2e59209f34d1443f.jpg,2e59209f34d1443f.txt
2e88f3e50e5e44bf.jpg,2e88f3e50e5e44bf.txt
2e8de5f2b2d823c5.jpg,2e8de5f2b2d823c5.txt
2e93ef1833462819.jpg,2e93ef1833462819.txt
2f03caa6c475c327.jpg,2f03caa6c475c327.txt
2fa5e189c764fd65.jpg,2fa5e189c764fd65.txt
2fbc1bce5cca2340.jpg,2fbc1bce5cca2340.txt
2fcea07c688adf5a.jpg,2fcea07c688adf5a.txt
30d467d714d610ac.jpg,30d467d714d610ac.txt
30d5edbe2631d5e0.jpg,30d5edbe2631d5e0.txt
312fefff1ddcc74d.jpg,312fefff1ddcc74d.txt
313fa0c18a7ab20c.jpg,313fa0c18a7ab20c.txt
31534382018c8893.jpg,31534382018c8893.txt
315fe81936dfdbc2.jpg,315fe81936dfdbc2.txt
3166fdc144c3a66d.jpg,3166fdc144c3a66d.txt
31d57c3fab8939dc.jpg,31d57c3fab8939dc.txt
3224735a645747a7.jpg,3224735a645747a7.txt
3249b9e3b21a6821.jpg,3249b9e3b21a6821.txt
32644cb5ee84303a.jpg,32644cb5ee84303a.txt
329fa45b58c8f9d6.jpg,329fa45b58c8f9d6.txt
32a320278a2579aa.jpg,32a320278a2579aa.txt
32b0a8d83e1ff69e.jpg,32b0a8d83e1ff69e.txt
33328617d641d55e.jpg,33328617d641d55e.txt
3346a137b8abc3d4.jpg,3346a137b8abc3d4.txt
340da0ecd0719a5c.jpg,340da0ecd0719a5c.txt
3448ba33778bf360.jpg,3448ba33778bf360.txt
34a1f5e72f6f5c5b.jpg,34a1f5e72f6f5c5b.txt
34c70802ba853686.jpg,34c70802ba853686.txt
34d1a9b0939e8735.jpg,34d1a9b0939e8735.txt
34f4cb30849e4404.jpg,34f4cb30849e4404.txt
35520b7c35965e34.jpg,35520b7c35965e34.txt
3599dd8a0e2335b1.jpg,3599dd8a0e2335b1.txt
35d4a458f0b5f0bf.jpg,35d4a458f0b5f0bf.txt
361919977b8b23d8.jpg,361919977b8b23d8.txt
361cf4ecad52fb76.jpg,361cf4ecad52fb76.txt
365d07e2cb7e4e11.jpg,365d07e2cb7e4e11.txt
366017ecb27aad87.jpg,366017ecb27aad87.txt
36a83a554ef21da2.jpg,36a83a554ef21da2.txt
36c0083b830e1641.jpg,36c0083b830e1641.txt
3711508f7df1c98c.jpg,3711508f7df1c98c.txt
37607de60651a27a.jpg,37607de60651a27a.txt
37974265c730d286.jpg,37974265c730d286.txt
37f1f513a4a3f6b5.jpg,37f1f513a4a3f6b5.txt
38177d7a6c1ed56c.jpg,38177d7a6c1ed56c.txt
3845fb92d4ed0786.jpg,3845fb92d4ed0786.txt
3870104221e867a6.jpg,3870104221e867a6.txt
38809b889631ba04.jpg,38809b889631ba04.txt
389edc51693f0740.jpg,389edc51693f0740.txt
39691120aafc0573.jpg,39691120aafc0573.txt
3985011e3b26930f.jpg,3985011e3b26930f.txt
39b574d308852e7b.jpg,39b574d308852e7b.txt
3a20d01fe4b3994e.jpg,3a20d01fe4b3994e.txt
3a40adf15d3360c8.jpg,3a40adf15d3360c8.txt
3ad5b0b873044bf2.jpg,3ad5b0b873044bf2.txt
3b25aa0bc0c318ed.jpg,3b25aa0bc0c318ed.txt
3b2d5da694465683.jpg,3b2d5da694465683.txt
3b33001b3e4b15f5.jpg,3b33001b3e4b15f5.txt
3b3481de05ea7a9c.jpg,3b3481de05ea7a9c.txt
3b406a0fa63086e8.jpg,3b406a0fa63086e8.txt
3baa4b0e1fcdaefc.jpg,3baa4b0e1fcdaefc.txt
3bb9779ac7d8b2b5.jpg,3bb9779ac7d8b2b5.txt
3bf2f9e7e3d08508.jpg,3bf2f9e7e3d08508.txt
3c9d27b81868e9be.jpg,3c9d27b81868e9be.txt
3ca303116b1f24e1.jpg,3ca303116b1f24e1.txt
3d08246b811d2cfc.jpg,3d08246b811d2cfc.txt
3faded91147292bf.jpg,3faded91147292bf.txt
3fb107c4af5f3502.jpg,3fb107c4af5f3502.txt
3fd06ec855e6a2a1.jpg,3fd06ec855e6a2a1.txt
3fed82850c9bacfc.jpg,3fed82850c9bacfc.txt
40372d41de8da18a.jpg,40372d41de8da18a.txt
41addf3cd1d455aa.jpg,41addf3cd1d455aa.txt
41bf52a71d4fdb9e.jpg,41bf52a71d4fdb9e.txt
41d13520cf5a0dec.jpg,41d13520cf5a0dec.txt
41f599eebf5f4dea.jpg,41f599eebf5f4dea.txt
427a00efe8f984a7.jpg,427a00efe8f984a7.txt
42fa9846f7c0941b.jpg,42fa9846f7c0941b.txt
42fda98d73ac72cc.jpg,42fda98d73ac72cc.txt
432ef8af83966ede.jpg,432ef8af83966ede.txt
435cc7c93d2a6652.jpg,435cc7c93d2a6652.txt
43b7b73e18a88b5b.jpg,43b7b73e18a88b5b.txt
44339a6fe9d6734b.jpg,44339a6fe9d6734b.txt
4441cf4e7f4ffbf9.jpg,4441cf4e7f4ffbf9.txt
4456c85e8d63d3b3.jpg,4456c85e8d63d3b3.txt
44c1f4b13178f08e.jpg,44c1f4b13178f08e.txt
44fbb99ecbde9840.jpg,44fbb99ecbde9840.txt
451dac91cce57945.jpg,451dac91cce57945.txt
45700937745baf60.jpg,45700937745baf60.txt
45998701e34ae943.jpg,45998701e34ae943.txt
45b6d0260737a819.jpg,45b6d0260737a819.txt
45d55b4830561e3d.jpg,45d55b4830561e3d.txt
45eed6f5192fd9d5.jpg,45eed6f5192fd9d5.txt
45fa93fe60e6d9e9.jpg,45fa93fe60e6d9e9.txt
4608c680ebe08f70.jpg,4608c680ebe08f70.txt
46a33184c0497e39.jpg,46a33184c0497e39.txt
470b760517c0e5fb.jpg,470b760517c0e5fb.txt
479bfacfe0c5ba44.jpg,479bfacfe0c5ba44.txt
47b17f693fdb9d4d.jpg,47b17f693fdb9d4d.txt
484be5d5197126bd.jpg,484be5d5197126bd.txt
48d314c13ea884a1.jpg,48d314c13ea884a1.txt
4903b8d1043ebab4.jpg,4903b8d1043ebab4.txt
4982ac489ec4aeb6.jpg,4982ac489ec4aeb6.txt
4996598c54a1ca17.jpg,4996598c54a1ca17.txt
49e0fc5dad1233fc.jpg,49e0fc5dad1233fc.txt
4a3ca793cc4946a5.jpg,4a3ca793cc4946a5.txt
4a55c3518672c845.jpg,4a55c3518672c845.txt
4a75eb5cd0881926.jpg,4a75eb5cd0881926.txt
4a78912b264ce052.jpg,4a78912b264ce052.txt
4a853d51e64b94d3.jpg,4a853d51e64b94d3.txt
4a897eb167a933e9.jpg,4a897eb167a933e9.txt
4a9515141f6cc2af.jpg,4a9515141f6cc2af.txt
4a95e6e4970e36a1.jpg,4a95e6e4970e36a1.txt
4abdfc2dc8c81c78.jpg,4abdfc2dc8c81c78.txt
4b037908db308fce.jpg,4b037908db308fce.txt
4b0fcfebb07ade84.jpg,4b0fcfebb07ade84.txt
4b7072152424a4e9.jpg,4b7072152424a4e9.txt
4b7b1600fa7f0e01.jpg,4b7b1600fa7f0e01.txt
4bb610bdf1f2f770.jpg,4bb610bdf1f2f770.txt
4ca6d1fb2c332d9a.jpg,4ca6d1fb2c332d9a.txt
4d595cc19841f866.jpg,4d595cc19841f866.txt
4d61e45b98f7282d.jpg,4d61e45b98f7282d.txt
4f3392ef499f629a.jpg,4f3392ef499f629a.txt
4fb9771bda21000e.jpg,4fb9771bda21000e.txt
4fd2b0e46f1b0cac.jpg,4fd2b0e46f1b0cac.txt
502ca3b69b90c382.jpg,502ca3b69b90c382.txt
50d38ae6fbfb506a.jpg,50d38ae6fbfb506a.txt
50fa6638d17c227e.jpg,50fa6638d17c227e.txt
514304b88f7966fd.jpg,514304b88f7966fd.txt
516f8163a385a318.jpg,516f8163a385a318.txt
51c098abd674fdaa.jpg,51c098abd674fdaa.txt
526bdee89ecbf7c7.jpg,526bdee89ecbf7c7.txt
52d3e92c1e18c2f5.jpg,52d3e92c1e18c2f5.txt
532590da5da5b183.jpg,532590da5da5b183.txt
53c897e21be42435.jpg,53c897e21be42435.txt
53f4b3518d53bdf4.jpg,53f4b3518d53bdf4.txt
54678922b748ff2d.jpg,54678922b748ff2d.txt
54ff90bc6d2976cb.jpg,54ff90bc6d2976cb.txt
55a7845aabe11fcb.jpg,55a7845aabe11fcb.txt
55b333116827cf34.jpg,55b333116827cf34.txt
55d08454d130a37d.jpg,55d08454d130a37d.txt
56225b3da2c600e2.jpg,56225b3da2c600e2.txt
571aa3a485823b37.jpg,571aa3a485823b37.txt
576e8fdedc5ecd96.jpg,576e8fdedc5ecd96.txt
57b1b002253a4f36.jpg,57b1b002253a4f36.txt
57dd0b4b75b6050c.jpg,57dd0b4b75b6050c.txt
58d5f1a7083f2fce.jpg,58d5f1a7083f2fce.txt
590ecda705242fcb.jpg,590ecda705242fcb.txt
592c3692b3265e15.jpg,592c3692b3265e15.txt
59744ea6744f55ca.jpg,59744ea6744f55ca.txt
5989466a6a56daaa.jpg,5989466a6a56daaa.txt
59af1454c67b9965.jpg,59af1454c67b9965.txt
59d01500eda8ca1b.jpg,59d01500eda8ca1b.txt
5a494fa11dde2090.jpg,5a494fa11dde2090.txt
5a61da3abebbe244.jpg,5a61da3abebbe244.txt
5a91cbdca2784a03.jpg,5a91cbdca2784a03.txt
5a9adafe2979a3d3.jpg,5a9adafe2979a3d3.txt
5aefa791fb154f39.jpg,5aefa791fb154f39.txt
5b3e762b02f6fd26.jpg,5b3e762b02f6fd26.txt
5b747f4689ef339c.jpg,5b747f4689ef339c.txt
5ba91fe8a7c80bc5.jpg,5ba91fe8a7c80bc5.txt
5bbfca87ea251d67.jpg,5bbfca87ea251d67.txt
5c271531d5ab1582.jpg,5c271531d5ab1582.txt
5c86c795237ba2a0.jpg,5c86c795237ba2a0.txt
5cb993015bb99237.jpg,5cb993015bb99237.txt
5d427114e3bcf277.jpg,5d427114e3bcf277.txt
5d8808f6035a7627.jpg,5d8808f6035a7627.txt
5e4fd11eaf30480b.jpg,5e4fd11eaf30480b.txt
5e5ea64562f6ed5d.jpg,5e5ea64562f6ed5d.txt
5eb6ee21821aa2b6.jpg,5eb6ee21821aa2b6.txt
5ed7192fab59f7fa.jpg,5ed7192fab59f7fa.txt
5f444b75460fadfb.jpg,5f444b75460fadfb.txt
5f6cc9a6344b8957.jpg,5f6cc9a6344b8957.txt
5f77265e9fa60647.jpg,5f77265e9fa60647.txt
5f9c62ef47d5e303.jpg,5f9c62ef47d5e303.txt
5fbb276a26a97420.jpg,5fbb276a26a97420.txt
5fcf0981e9f1fbe7.jpg,5fcf0981e9f1fbe7.txt
6015cc4a93b14328.jpg,6015cc4a93b14328.txt
6022849b421b9337.jpg,6022849b421b9337.txt
606e406d77ec3e0d.jpg,606e406d77ec3e0d.txt
60b1a2a2562260f1.jpg,60b1a2a2562260f1.txt
61bab374dcc04ac7.jpg,61bab374dcc04ac7.txt
61db16ae2e411553.jpg,61db16ae2e411553.txt
620a0c33ef97bf74.jpg,620a0c33ef97bf74.txt
627b0820e6dbb977.jpg,627b0820e6dbb977.txt
6290c8ea78ff663d.jpg,6290c8ea78ff663d.txt
62b0ace3ee140a76.jpg,62b0ace3ee140a76.txt
631a02e94f479712.jpg,631a02e94f479712.txt
63fc8d53cb4a6b19.jpg,63fc8d53cb4a6b19.txt
642f305fd3f6754e.jpg,642f305fd3f6754e.txt
645e9c147117f4bf.jpg,645e9c147117f4bf.txt
6461580776a8a860.jpg,6461580776a8a860.txt
64cbdb354972aad6.jpg,64cbdb354972aad6.txt
64cbe5f5a91635ad.jpg,64cbe5f5a91635ad.txt
64f9a6cb7bda3089.jpg,64f9a6cb7bda3089.txt
651390a07f380cca.jpg,651390a07f380cca.txt
651e2fc490511523.jpg,651e2fc490511523.txt
65c1c444b09c8b5c.jpg,65c1c444b09c8b5c.txt
65e1e0c1f5b582a0.jpg,65e1e0c1f5b582a0.txt
663ec14be7abb05d.jpg,663ec14be7abb05d.txt
6664911056b599b4.jpg,6664911056b599b4.txt
669ee4f94c76351c.jpg,669ee4f94c76351c.txt
66da494d6e21f0d4.jpg,66da494d6e21f0d4.txt
66fcf2a655e6903f.jpg,66fcf2a655e6903f.txt
67035efd285642a3.jpg,67035efd285642a3.txt
67323b9a83d7e3e8.jpg,67323b9a83d7e3e8.txt
68195b2cd79bca13.jpg,68195b2cd79bca13.txt
6825a1b7abc97614.jpg,6825a1b7abc97614.txt
684e86ab1c111b5d.jpg,684e86ab1c111b5d.txt
685788f09e4d152c.jpg,685788f09e4d152c.txt
6899e9d2be93863e.jpg,6899e9d2be93863e.txt
689b32611ed2f63f.jpg,689b32611ed2f63f.txt
689b329ffef38e66.jpg,689b329ffef38e66.txt
68e3f6a1c7cbaa84.jpg,68e3f6a1c7cbaa84.txt
68ecdd8ad5a9cf8b.jpg,68ecdd8ad5a9cf8b.txt
6903f74b847bd0f5.jpg,6903f74b847bd0f5.txt
69072ebf549d6f41.jpg,69072ebf549d6f41.txt
6907bda567d41b5e.jpg,6907bda567d41b5e.txt
6add1fa655c3226a.jpg,6add1fa655c3226a.txt
6aeb98c200dd717a.jpg,6aeb98c200dd717a.txt
6b3359a95ae518c4.jpg,6b3359a95ae518c4.txt
6b3d181343b8cb07.jpg,6b3d181343b8cb07.txt
6bc7cb7160b7cca9.jpg,6bc7cb7160b7cca9.txt
6c08750d6ee253a9.jpg,6c08750d6ee253a9.txt
6cac2956fb21bfe9.jpg,6cac2956fb21bfe9.txt
6d09e654eed737fc.jpg,6d09e654eed737fc.txt
6d14cc4700d41c0f.jpg,6d14cc4700d41c0f.txt
6db23aabe54dce75.jpg,6db23aabe54dce75.txt
6db4e41b7e61896e.jpg,6db4e41b7e61896e.txt
6dbdb3644f7145ce.jpg,6dbdb3644f7145ce.txt
6dddb6529b3c37d1.jpg,6dddb6529b3c37d1.txt
6deea10c5b0c0758.jpg,6deea10c5b0c0758.txt
6df7c1c8a54b1dad.jpg,6df7c1c8a54b1dad.txt
6e26cebf5e36b1a4.jpg,6e26cebf5e36b1a4.txt
6e3042a40b00148e.jpg,6e3042a40b00148e.txt
6e3c2bdbcff27bc1.jpg,6e3c2bdbcff27bc1.txt
6e784833f522bdfa.jpg,6e784833f522bdfa.txt
6eeb40ca91b91b72.jpg,6eeb40ca91b91b72.txt
6f0b79ed37486a43.jpg,6f0b79ed37486a43.txt
6f63726cdc6b963a.jpg,6f63726cdc6b963a.txt
6f83d5a6b4b95d72.jpg,6f83d5a6b4b95d72.txt
6f93412acee4f141.jpg,6f93412acee4f141.txt
6fabbdec384f6f9a.jpg,6fabbdec384f6f9a.txt
6faff2859d809885.jpg,6faff2859d809885.txt
6feaeae5c7d7a4ff.jpg,6feaeae5c7d7a4ff.txt
6ff7fa1a6e90609e.jpg,6ff7fa1a6e90609e.txt
704217296bad6c39.jpg,704217296bad6c39.txt
704a800e67e4536e.jpg,704a800e67e4536e.txt
70dc2ddefb565a51.jpg,70dc2ddefb565a51.txt
722642deb7f621d7.jpg,722642deb7f621d7.txt
728fb8ae7eb159c3.jpg,728fb8ae7eb159c3.txt
72924a27cefe72da.jpg,72924a27cefe72da.txt
72a57a002a5c5de3.jpg,72a57a002a5c5de3.txt
72da504063cd5798.jpg,72da504063cd5798.txt
73445110082b5dcf.jpg,73445110082b5dcf.txt
73577d9ae406bcc3.jpg,73577d9ae406bcc3.txt
73880bf30d30c0de.jpg,73880bf30d30c0de.txt
73aa8cacb059ec9a.jpg,73aa8cacb059ec9a.txt
73c09a148c955e24.jpg,73c09a148c955e24.txt
743aa4658474ee25.jpg,743aa4658474ee25.txt
744bbef2f5d4f6b0.jpg,744bbef2f5d4f6b0.txt
74f1bb27054d1c09.jpg,74f1bb27054d1c09.txt
752a22acafb43152.jpg,752a22acafb43152.txt
756358b8cd58bdcf.jpg,756358b8cd58bdcf.txt
75b40b7a8b060f60.jpg,75b40b7a8b060f60.txt
75d20642ad7795f8.jpg,75d20642ad7795f8.txt
75f366a87c5b077a.jpg,75f366a87c5b077a.txt
7605267399a5eb30.jpg,7605267399a5eb30.txt
7628582c9e21d378.jpg,7628582c9e21d378.txt
764cf3df1fd9199c.jpg,764cf3df1fd9199c.txt
765c5f6e1e79bedd.jpg,765c5f6e1e79bedd.txt
76adcf9d45fcba20.jpg,76adcf9d45fcba20.txt
76af750b3fe87755.jpg,76af750b3fe87755.txt
76da692cafc95a56.jpg,76da692cafc95a56.txt
76e9b3c7411dcbc5.jpg,76e9b3c7411dcbc5.txt
770cf9c39e7273ce.jpg,770cf9c39e7273ce.txt
777cf67643735c1a.jpg,777cf67643735c1a.txt
77aafb638be3fb66.jpg,77aafb638be3fb66.txt
77f9c5d7f685e0cc.jpg,77f9c5d7f685e0cc.txt
7803d034e937f524.jpg,7803d034e937f524.txt
7804a1f979da6c35.jpg,7804a1f979da6c35.txt
78875466be95bcb9.jpg,78875466be95bcb9.txt
788a6f6630baa197.jpg,788a6f6630baa197.txt
789bb734f3bbe948.jpg,789bb734f3bbe948.txt
7946287ea7de3e0f.jpg,7946287ea7de3e0f.txt
7960bdce7a99f6cc.jpg,7960bdce7a99f6cc.txt
799c87f1940ff505.jpg,799c87f1940ff505.txt
79aa7db39bc9c779.jpg,79aa7db39bc9c779.txt
79b5dbcb6a5ad0ea.jpg,79b5dbcb6a5ad0ea.txt
7a14e4c636503f7f.jpg,7a14e4c636503f7f.txt
7a4404e7022ff2a0.jpg,7a4404e7022ff2a0.txt
7acb5032babaa854.jpg,7acb5032babaa854.txt
7aff06eee54e8aec.jpg,7aff06eee54e8aec.txt
7b0d3a5c5fef7c03.jpg,7b0d3a5c5fef7c03.txt
7b776173f79f1749.jpg,7b776173f79f1749.txt
7b87f48d440a099f.jpg,7b87f48d440a099f.txt
7b9048c90299d4bc.jpg,7b9048c90299d4bc.txt
7bfb14866d181b91.jpg,7bfb14866d181b91.txt
7c0a6aab76d3b6d9.jpg,7c0a6aab76d3b6d9.txt
7d42bb5310609802.jpg,7d42bb5310609802.txt
7df47a804d51b7a0.jpg,7df47a804d51b7a0.txt
7e531933ab10eb72.jpg,7e531933ab10eb72.txt
7eb71e3594586317.jpg,7eb71e3594586317.txt
7eb9c9be6e7d7104.jpg,7eb9c9be6e7d7104.txt
7ed265865467f114.jpg,7ed265865467f114.txt
7f06c7e6ddd95ed6.jpg,7f06c7e6ddd95ed6.txt
7f3ab1e0c713d0d5.jpg,7f3ab1e0c713d0d5.txt
7f51c177e0d3408a.jpg,7f51c177e0d3408a.txt
7f8f274da09e1171.jpg,7f8f274da09e1171.txt
8059cd7f548512b8.jpg,8059cd7f548512b8.txt
805bb96924a7fa1f.jpg,805bb96924a7fa1f.txt
806d8ecb29be2f65.jpg,806d8ecb29be2f65.txt
812c2efe4fdb28ff.jpg,812c2efe4fdb28ff.txt
816603ba78d09931.jpg,816603ba78d09931.txt
817ce1aa0ec026a5.jpg,817ce1aa0ec026a5.txt
818af367b70a47e4.jpg,818af367b70a47e4.txt
81b9833fba7c673e.jpg,81b9833fba7c673e.txt
8211c754e48e270e.jpg,8211c754e48e270e.txt
82254846c3e5a520.jpg,82254846c3e5a520.txt
82829bcae4050c17.jpg,82829bcae4050c17.txt
8317596edb138b43.jpg,8317596edb138b43.txt
841477747e80074d.jpg,841477747e80074d.txt
8429325ae3531418.jpg,8429325ae3531418.txt
84b00f1bce232ebc.jpg,84b00f1bce232ebc.txt
85abad56571ebdfb.jpg,85abad56571ebdfb.txt
85e51be7f019e419.jpg,85e51be7f019e419.txt
870e1a51404b4526.jpg,870e1a51404b4526.txt
873baa16b18358c0.jpg,873baa16b18358c0.txt
8752f024e412a6d4.jpg,8752f024e412a6d4.txt
878ab8b1ee175f52.jpg,878ab8b1ee175f52.txt
87e44c231e3f174e.jpg,87e44c231e3f174e.txt
884fff8a3f304e7b.jpg,884fff8a3f304e7b.txt
886698b0e19c1180.jpg,886698b0e19c1180.txt
88df26b93587295c.jpg,88df26b93587295c.txt
88f657a52e2f1b0e.jpg,88f657a52e2f1b0e.txt
897e85228499d45a.jpg,897e85228499d45a.txt
898f34a416fcf026.jpg,898f34a416fcf026.txt
89c5fc678557cfda.jpg,89c5fc678557cfda.txt
8a5185732840e271.jpg,8a5185732840e271.txt
8a58afecf996b41f.jpg,8a58afecf996b41f.txt
8abeaae8657488f7.jpg,8abeaae8657488f7.txt
8ac72a213e8f1411.jpg,8ac72a213e8f1411.txt
8ace469d452b00fe.jpg,8ace469d452b00fe.txt
8ba5572ff7fad4dc.jpg,8ba5572ff7fad4dc.txt
8c0be343f3d71c63.jpg,8c0be343f3d71c63.txt
8c3f10843b03ee83.jpg,8c3f10843b03ee83.txt
8c8f0a38b3c6a4fe.jpg,8c8f0a38b3c6a4fe.txt
8cad9fcedbd28d01.jpg,8cad9fcedbd28d01.txt
8dc3eaa4d1431f14.jpg,8dc3eaa4d1431f14.txt
8dff1b284baa7247.jpg,8dff1b284baa7247.txt
8e1224ed872cc3c8.jpg,8e1224ed872cc3c8.txt
8e76ae5eeb6348bd.jpg,8e76ae5eeb6348bd.txt
8eff46d580047d3f.jpg,8eff46d580047d3f.txt
8f27cdca6d3aaf95.jpg,8f27cdca6d3aaf95.txt
8f2e66b218268ff8.jpg,8f2e66b218268ff8.txt
8f58f3ba0bf9fa0c.jpg,8f58f3ba0bf9fa0c.txt
8f6eaf512396b656.jpg,8f6eaf512396b656.txt
8fab466524dbdc94.jpg,8fab466524dbdc94.txt
8fad6dad9e113896.jpg,8fad6dad9e113896.txt
905272d28fc2bf76.jpg,905272d28fc2bf76.txt
9067813fbc9df06f.jpg,9067813fbc9df06f.txt
90b78c564c67c85a.jpg,90b78c564c67c85a.txt
90f7a4fe28a80e90.jpg,90f7a4fe28a80e90.txt
912e44733d079df3.jpg,912e44733d079df3.txt
916b49d6e3060808.jpg,916b49d6e3060808.txt
91858c51dae5ea58.jpg,91858c51dae5ea58.txt
9221abebc233d5ae.jpg,9221abebc233d5ae.txt
924c9a2bddc6d713.jpg,924c9a2bddc6d713.txt
9261808b19230393.jpg,9261808b19230393.txt
92647a9b2d6f5ced.jpg,92647a9b2d6f5ced.txt
927ecf91296349b9.jpg,927ecf91296349b9.txt
929b89ea5f4d4076.jpg,929b89ea5f4d4076.txt
92a40133831337be.jpg,92a40133831337be.txt
931183933d5313cd.jpg,931183933d5313cd.txt
9313d722e953987c.jpg,9313d722e953987c.txt
933becf30c49bd02.jpg,933becf30c49bd02.txt
93cfc30b46d35241.jpg,93cfc30b46d35241.txt
93f239a3777db504.jpg,93f239a3777db504.txt
93fb080f3e1f51df.jpg,93fb080f3e1f51df.txt
941d4af13c0392c9.jpg,941d4af13c0392c9.txt
95721f1cb73201b0.jpg,95721f1cb73201b0.txt
958389d3eb53ef0f.jpg,958389d3eb53ef0f.txt
9592e4de3d6084ab.jpg,9592e4de3d6084ab.txt
959876ef598ad5c4.jpg,959876ef598ad5c4.txt
95a6d0e0336d42e3.jpg,95a6d0e0336d42e3.txt
95ed4a7959c189a7.jpg,95ed4a7959c189a7.txt
96b477aeb6adb25a.jpg,96b477aeb6adb25a.txt
96c6d67e88238cbb.jpg,96c6d67e88238cbb.txt
972d2bed0c51b412.jpg,972d2bed0c51b412.txt
9755555d8c29ad77.jpg,9755555d8c29ad77.txt
9771eb526b80802e.jpg,9771eb526b80802e.txt
97731220182492cf.jpg,97731220182492cf.txt
978763ecc642c260.jpg,978763ecc642c260.txt
98028550a6ff3c4c.jpg,98028550a6ff3c4c.txt
986b5031f147593a.jpg,986b5031f147593a.txt
98bfbafba72ce1b3.jpg,98bfbafba72ce1b3.txt
98da3dd4d470b62e.jpg,98da3dd4d470b62e.txt
993bee9aada72d5a.jpg,993bee9aada72d5a.txt
996d96bdbe5b0533.jpg,996d96bdbe5b0533.txt
9975d7bfd84a2edc.jpg,9975d7bfd84a2edc.txt
99c7bd4a2353edee.jpg,99c7bd4a2353edee.txt
9a30c5c82a159915.jpg,9a30c5c82a159915.txt
9a4c8eacba447cd3.jpg,9a4c8eacba447cd3.txt
9a5c12a19778b309.jpg,9a5c12a19778b309.txt
9a5e97590d15a6a8.jpg,9a5e97590d15a6a8.txt
9a75adc51b982fe6.jpg,9a75adc51b982fe6.txt
9a880d34a18dd8a6.jpg,9a880d34a18dd8a6.txt
9ac403baf00d4623.jpg,9ac403baf00d4623.txt
9b28bc8c81e8721b.jpg,9b28bc8c81e8721b.txt
9bd12f0f0075266b.jpg,9bd12f0f0075266b.txt
9c17bf4a09e55765.jpg,9c17bf4a09e55765.txt
9cf1f3e61b3eeb58.jpg,9cf1f3e61b3eeb58.txt
9d054fd80883dfa1.jpg,9d054fd80883dfa1.txt
9d19a4818d08fb14.jpg,9d19a4818d08fb14.txt
9d235acb34f3e18d.jpg,9d235acb34f3e18d.txt
9d4eda84070711e7.jpg,9d4eda84070711e7.txt
9d6779bea8329d85.jpg,9d6779bea8329d85.txt
9d6968166e06afd4.jpg,9d6968166e06afd4.txt
9d6defbd6b176962.jpg,9d6defbd6b176962.txt
9e1b88dffb837edc.jpg,9e1b88dffb837edc.txt
9e44cb4300098e11.jpg,9e44cb4300098e11.txt
9e86f00bbefaab91.jpg,9e86f00bbefaab91.txt
9ec6d8b89cc55565.jpg,9ec6d8b89cc55565.txt
9ed222e5cea31dba.jpg,9ed222e5cea31dba.txt
9fc4ccb074f64943.jpg,9fc4ccb074f64943.txt
9fcb5877b9c7fb52.jpg,9fcb5877b9c7fb52.txt
a009796b5dbf2d30.jpg,a009796b5dbf2d30.txt
a0113952e50695b9.jpg,a0113952e50695b9.txt
a03845816a8cb1c2.jpg,a03845816a8cb1c2.txt
a08e09997e8368b0.jpg,a08e09997e8368b0.txt
a0993d9d8ce6f776.jpg,a0993d9d8ce6f776.txt
a0f73bd81e68f2c5.jpg,a0f73bd81e68f2c5.txt
a101590746a9e6c8.jpg,a101590746a9e6c8.txt
a13a7f90a6fb5d97.jpg,a13a7f90a6fb5d97.txt
a150f8f8e885c689.jpg,a150f8f8e885c689.txt
a17e9f66d453e1f1.jpg,a17e9f66d453e1f1.txt
a181fd97c709ee03.jpg,a181fd97c709ee03.txt
a1aef514a921ba74.jpg,a1aef514a921ba74.txt
a1f12a651edef584.jpg,a1f12a651edef584.txt
a23c9ab5206a1f95.jpg,a23c9ab5206a1f95.txt
a2a0109c5dce32c6.jpg,a2a0109c5dce32c6.txt
a2a75007a27ceb86.jpg,a2a75007a27ceb86.txt
a2bf8bcf40bbbf17.jpg,a2bf8bcf40bbbf17.txt
a2f79860ca36eb69.jpg,a2f79860ca36eb69.txt
a3a3e484af6f987f.jpg,a3a3e484af6f987f.txt
a439533025cdf40f.jpg,a439533025cdf40f.txt
a43b4ba70a1556cc.jpg,a43b4ba70a1556cc.txt
a47792ab8f77bb80.jpg,a47792ab8f77bb80.txt
a4b373a74517002b.jpg,a4b373a74517002b.txt
a54176b2c716c193.jpg,a54176b2c716c193.txt
a5706f1d9a999848.jpg,a5706f1d9a999848.txt
a57ac13a80e4d483.jpg,a57ac13a80e4d483.txt
a65a32e5e550b354.jpg,a65a32e5e550b354.txt
a65fea20f904e106.jpg,a65fea20f904e106.txt
a66970d93772ba53.jpg,a66970d93772ba53.txt
a676708cb7cf724b.jpg,a676708cb7cf724b.txt
a6bc83ba386f2af6.jpg,a6bc83ba386f2af6.txt
a6c6f066f5cc1265.jpg,a6c6f066f5cc1265.txt
a6e504828e779224.jpg,a6e504828e779224.txt
a6e66be7b5f6642b.jpg,a6e66be7b5f6642b.txt
a700abefc295b2b5.jpg,a700abefc295b2b5.txt
a75aea7ec1482548.jpg,a75aea7ec1482548.txt
a761661acce23613.jpg,a761661acce23613.txt
a77248e31f843ae9.jpg,a77248e31f843ae9.txt
a77f9e26650a5209.jpg,a77f9e26650a5209.txt
a788a64099df8993.jpg,a788a64099df8993.txt
a79eebe39899d9b5.jpg,a79eebe39899d9b5.txt
a7f7ba46bac53bc7.jpg,a7f7ba46bac53bc7.txt
a7ff13bbb9b23b5c.jpg,a7ff13bbb9b23b5c.txt
a8546bdb9c027e35.jpg,a8546bdb9c027e35.txt
a882ce5894b77dae.jpg,a882ce5894b77dae.txt
a8a49faef6485e8c.jpg,a8a49faef6485e8c.txt
a90e9d79144bc3c6.jpg,a90e9d79144bc3c6.txt
a95348cb5b1941a7.jpg,a95348cb5b1941a7.txt
a98ad8685bb2bb36.jpg,a98ad8685bb2bb36.txt
a99668c6cd6ac8f1.jpg,a99668c6cd6ac8f1.txt
a9e017e1b19af73f.jpg,a9e017e1b19af73f.txt
a9ea9a4b5fce69cb.jpg,a9ea9a4b5fce69cb.txt
a9fdef49ad238d06.jpg,a9fdef49ad238d06.txt
aa159f88e636f64c.jpg,aa159f88e636f64c.txt
aa21e6e00799c890.jpg,aa21e6e00799c890.txt
aa30d12354b71ac7.jpg,aa30d12354b71ac7.txt
aa5310e172150df5.jpg,aa5310e172150df5.txt
aaa5eff7ed1be90d.jpg,aaa5eff7ed1be90d.txt
aad501ea696e4f56.jpg,aad501ea696e4f56.txt
ab23c7319affe31e.jpg,ab23c7319affe31e.txt
ab3fd9db2d6b7473.jpg,ab3fd9db2d6b7473.txt
ab625b4f9db944f9.jpg,ab625b4f9db944f9.txt
ab7e365a892081f9.jpg,ab7e365a892081f9.txt
ab9cc722d07890e1.jpg,ab9cc722d07890e1.txt
abf167bd3f444ab7.jpg,abf167bd3f444ab7.txt
ac316f14c9fcf3b1.jpg,ac316f14c9fcf3b1.txt
ac8592dae9f69794.jpg,ac8592dae9f69794.txt
ace70a9bfb81a206.jpg,ace70a9bfb81a206.txt
ace7c9da21b94080.jpg,ace7c9da21b94080.txt
ad2a26a3311fa434.jpg,ad2a26a3311fa434.txt
ad54ac99801b5428.jpg,ad54ac99801b5428.txt
ad7a8d8e511bd73d.jpg,ad7a8d8e511bd73d.txt
ad80756657a51bdf.jpg,ad80756657a51bdf.txt
adf48ac1a5c42c3e.jpg,adf48ac1a5c42c3e.txt
ae113b6b2d2c764d.jpg,ae113b6b2d2c764d.txt
ae616aec6475350e.jpg,ae616aec6475350e.txt
ae94d8435a6847f4.jpg,ae94d8435a6847f4.txt
aee26d9bb0bed22e.jpg,aee26d9bb0bed22e.txt
af06f2ba0682207d.jpg,af06f2ba0682207d.txt
af115e053887ba1f.jpg,af115e053887ba1f.txt
b02121155d26a5a1.jpg,b02121155d26a5a1.txt
b0259b48d96bf4b3.jpg,b0259b48d96bf4b3.txt
b043eeff396fa26d.jpg,b043eeff396fa26d.txt
b0f6bc4ab4c19c72.jpg,b0f6bc4ab4c19c72.txt
b1a0ab65b1eabd02.jpg,b1a0ab65b1eabd02.txt
b1c8e5a885346f91.jpg,b1c8e5a885346f91.txt
b1d38d94f61bfa67.jpg,b1d38d94f61bfa67.txt
b248fd47d3078c50.jpg,b248fd47d3078c50.txt
b28db67d4eeb7fe6.jpg,b28db67d4eeb7fe6.txt
b3b71deeb7b8ad5b.jpg,b3b71deeb7b8ad5b.txt
b3c1fa5a84e9ae51.jpg,b3c1fa5a84e9ae51.txt
b3cbf9cf72f91f15.jpg,b3cbf9cf72f91f15.txt
b434a0d7de00fcb1.jpg,b434a0d7de00fcb1.txt
b44399ff526506f3.jpg,b44399ff526506f3.txt
b49f1582bdc0e569.jpg,b49f1582bdc0e569.txt
b4aca6723e34f594.jpg,b4aca6723e34f594.txt
b4b55a41711c6ed7.jpg,b4b55a41711c6ed7.txt
b4cd6e0e42628cc3.jpg,b4cd6e0e42628cc3.txt
b506ec918dd6519a.jpg,b506ec918dd6519a.txt
b5dc6d8d968d4b1d.jpg,b5dc6d8d968d4b1d.txt
b61344df2299c776.jpg,b61344df2299c776.txt
b6411bd0a13a5b95.jpg,b6411bd0a13a5b95.txt
b79a143e203f8657.jpg,b79a143e203f8657.txt
b7e7df7265da8321.jpg,b7e7df7265da8321.txt
b807ed08091d7d4e.jpg,b807ed08091d7d4e.txt
b81698f6d2742387.jpg,b81698f6d2742387.txt
b897bd27b035cf8e.jpg,b897bd27b035cf8e.txt
b8e0645a646a8a6b.jpg,b8e0645a646a8a6b.txt
b95fbce866bfa287.jpg,b95fbce866bfa287.txt
b97c0294b48b3219.jpg,b97c0294b48b3219.txt
b9ca86afa6d9c5bc.jpg,b9ca86afa6d9c5bc.txt
b9d85b3b3781607d.jpg,b9d85b3b3781607d.txt
b9ec86e5e97c9e17.jpg,b9ec86e5e97c9e17.txt
b9f9ed42a68501c8.jpg,b9f9ed42a68501c8.txt
ba078e0eefe734ef.jpg,ba078e0eefe734ef.txt
ba0bec93ef1d26b9.jpg,ba0bec93ef1d26b9.txt
ba5d0bbf2b4961d2.jpg,ba5d0bbf2b4961d2.txt
ba6c73c6c489bfbf.jpg,ba6c73c6c489bfbf.txt
ba6d38c17f834665.jpg,ba6d38c17f834665.txt
ba99069ea623c721.jpg,ba99069ea623c721.txt
bb44f98b31544e4f.jpg,bb44f98b31544e4f.txt
bb88535ca42b2e9a.jpg,bb88535ca42b2e9a.txt
bbff15dd7c95f614.jpg,bbff15dd7c95f614.txt
bc0c470f5ded1443.jpg,bc0c470f5ded1443.txt
bc20aa99dc322f6a.jpg,bc20aa99dc322f6a.txt
bcbba8ed1fbd03e0.jpg,bcbba8ed1fbd03e0.txt
bd1b7d0347da8547.jpg,bd1b7d0347da8547.txt
bd7ba435acf45c38.jpg,bd7ba435acf45c38.txt
bda085334a5cea70.jpg,bda085334a5cea70.txt
be395c7b5491b6b1.jpg,be395c7b5491b6b1.txt
bedae143d57382c5.jpg,bedae143d57382c5.txt
bf27fcba7519923b.jpg,bf27fcba7519923b.txt
bf6a16d3a9bb1b93.jpg,bf6a16d3a9bb1b93.txt
bf722217c0221755.jpg,bf722217c0221755.txt
bf7cb48f70d55e51.jpg,bf7cb48f70d55e51.txt
bfd31bc46bebc4d2.jpg,bfd31bc46bebc4d2.txt
c03101e9cec37558.jpg,c03101e9cec37558.txt
c04da1c1e98bcd45.jpg,c04da1c1e98bcd45.txt
c0b6d4259bf13145.jpg,c0b6d4259bf13145.txt
c0c294534f77a98a.jpg,c0c294534f77a98a.txt
c1029d5afb49153f.jpg,c1029d5afb49153f.txt
c119c69bff5156bd.jpg,c119c69bff5156bd.txt
c12fce6fa1fa8059.jpg,c12fce6fa1fa8059.txt
c1352a60bc660d29.jpg,c1352a60bc660d29.txt
c1702b718d365661.jpg,c1702b718d365661.txt
c1a4928f1a617081.jpg,c1a4928f1a617081.txt
c1ccabe31a88bf22.jpg,c1ccabe31a88bf22.txt
c1d9de69da7845f8.jpg,c1d9de69da7845f8.txt
c235f0340401c083.jpg,c235f0340401c083.txt
c25081aacbf992e7.jpg,c25081aacbf992e7.txt
c2ac622248b264ad.jpg,c2ac622248b264ad.txt
c2c3931975e86f35.jpg,c2c3931975e86f35.txt
c303ef67b57d134b.jpg,c303ef67b57d134b.txt
c30580557fe7c892.jpg,c30580557fe7c892.txt
c31f20dc54dd2b00.jpg,c31f20dc54dd2b00.txt
c3343bf8524ccf0c.jpg,c3343bf8524ccf0c.txt
c33cccc4a9b0d09f.jpg,c33cccc4a9b0d09f.txt
c38b2c5fe4bce8fb.jpg,c38b2c5fe4bce8fb.txt
c38bee1901f3cd5a.jpg,c38bee1901f3cd5a.txt
c396eef14aae7c42.jpg,c396eef14aae7c42.txt
c3a5ccdebf832570.jpg,c3a5ccdebf832570.txt
c3cfa22d9b6e7d76.jpg,c3cfa22d9b6e7d76.txt
c468c6bd352b5c20.jpg,c468c6bd352b5c20.txt
c46b8d20e464ef5f.jpg,c46b8d20e464ef5f.txt
c4766b753370733f.jpg,c4766b753370733f.txt
c4853d2296648b9d.jpg,c4853d2296648b9d.txt
c49d629836488ffa.jpg,c49d629836488ffa.txt
c4cc4798b9c9ad88.jpg,c4cc4798b9c9ad88.txt
c4d6e86d0cae1a20.jpg,c4d6e86d0cae1a20.txt
c4e5adaef5426b68.jpg,c4e5adaef5426b68.txt
c4fa65b3d6f7fbc8.jpg,c4fa65b3d6f7fbc8.txt
c4fb2e3cc4062913.jpg,c4fb2e3cc4062913.txt
c50d9ae510b1d508.jpg,c50d9ae510b1d508.txt
c545d0e5653a0fe6.jpg,c545d0e5653a0fe6.txt
c5806b857a480848.jpg,c5806b857a480848.txt
c58c53718b36d22a.jpg,c58c53718b36d22a.txt
c5bd34b49ecca40b.jpg,c5bd34b49ecca40b.txt
c5cc0f04e0b088e8.jpg,c5cc0f04e0b088e8.txt
c6070f3c95db9e7e.jpg,c6070f3c95db9e7e.txt
c637b7c7d781711d.jpg,c637b7c7d781711d.txt
c6446b0af6a98c98.jpg,c6446b0af6a98c98.txt
c65a373e90e319e5.jpg,c65a373e90e319e5.txt
c6b4f6ba7931c123.jpg,c6b4f6ba7931c123.txt
c72321ae6a828f88.jpg,c72321ae6a828f88.txt
c72a07293e174a09.jpg,c72a07293e174a09.txt
c775f1f6af4310de.jpg,c775f1f6af4310de.txt
c7e173955ef59621.jpg,c7e173955ef59621.txt
c87f66c0887e5887.jpg,c87f66c0887e5887.txt
c8967befd8fee052.jpg,c8967befd8fee052.txt
c8b02ee15fab9f03.jpg,c8b02ee15fab9f03.txt
c8ecd0fbe5d7d3bd.jpg,c8ecd0fbe5d7d3bd.txt
c8f4e9467f2edc4f.jpg,c8f4e9467f2edc4f.txt
c916663937b198cc.jpg,c916663937b198cc.txt
c9195478a34f56cc.jpg,c9195478a34f56cc.txt
c932fa279bf114d2.jpg,c932fa279bf114d2.txt
c9a39693ac215e03.jpg,c9a39693ac215e03.txt
c9ca173d7abf4171.jpg,c9ca173d7abf4171.txt
ca0b1181dd4c6f7e.jpg,ca0b1181dd4c6f7e.txt
cb27f7465aa7ac76.jpg,cb27f7465aa7ac76.txt
cb705f3dcae64cec.jpg,cb705f3dcae64cec.txt
cb73e3490feb6995.jpg,cb73e3490feb6995.txt
cbcc8a8134b4c986.jpg,cbcc8a8134b4c986.txt
cbe652fca046444b.jpg,cbe652fca046444b.txt
cc055768c2e66c65.jpg,cc055768c2e66c65.txt
cc1881f674f4c96d.jpg,cc1881f674f4c96d.txt
cc449993401ca348.jpg,cc449993401ca348.txt
cc4834550fbdb6c1.jpg,cc4834550fbdb6c1.txt
cc674735bee04829.jpg,cc674735bee04829.txt
cc9e14c9af9174f8.jpg,cc9e14c9af9174f8.txt
cca6d5e2ef418719.jpg,cca6d5e2ef418719.txt
ccf5bff66a0596cb.jpg,ccf5bff66a0596cb.txt
cd01cde2e5d27bf2.jpg,cd01cde2e5d27bf2.txt
cd5a5458719f6daa.jpg,cd5a5458719f6daa.txt
cd9d5adb1a280a7f.jpg,cd9d5adb1a280a7f.txt
cde333cbed991d01.jpg,cde333cbed991d01.txt
cde70ae1346c5f2c.jpg,cde70ae1346c5f2c.txt
ce32562e3fb7bd0f.jpg,ce32562e3fb7bd0f.txt
ce60a48eba935e92.jpg,ce60a48eba935e92.txt
ce8ee9d84e90d765.jpg,ce8ee9d84e90d765.txt
ce8fb26685badb25.jpg,ce8fb26685badb25.txt
cec2dfdc61918d4a.jpg,cec2dfdc61918d4a.txt
cf3ec8ed25c83eab.jpg,cf3ec8ed25c83eab.txt
cf5246b0970cee99.jpg,cf5246b0970cee99.txt
cfed3a705c7342e8.jpg,cfed3a705c7342e8.txt
cfff5ae8047d9a0c.jpg,cfff5ae8047d9a0c.txt
d01d2959ef87afbb.jpg,d01d2959ef87afbb.txt
d0599e643987d67c.jpg,d0599e643987d67c.txt
d068773244d7f590.jpg,d068773244d7f590.txt
d0a53011704d9849.jpg,d0a53011704d9849.txt
d0bba4f281216b2c.jpg,d0bba4f281216b2c.txt
d0c034d606b69af5.jpg,d0c034d606b69af5.txt
d0e7632ceab18570.jpg,d0e7632ceab18570.txt
d0fb945857760178.jpg,d0fb945857760178.txt
d0ff9df6c6488a6d.jpg,d0ff9df6c6488a6d.txt
d10cdc3282ff7aee.jpg,d10cdc3282ff7aee.txt
d13d1f376216cea6.jpg,d13d1f376216cea6.txt
d1660df8473b9a12.jpg,d1660df8473b9a12.txt
d1d2a2eeac6b07cc.jpg,d1d2a2eeac6b07cc.txt
d2cc93ffea611516.jpg,d2cc93ffea611516.txt
d2ddcc16104cc60f.jpg,d2ddcc16104cc60f.txt
d2e802e3ae0c3990.jpg,d2e802e3ae0c3990.txt
d30efaa331c0f177.jpg,d30efaa331c0f177.txt
d314a3573ba09d6b.jpg,d314a3573ba09d6b.txt
d360c8dc2d25e204.jpg,d360c8dc2d25e204.txt
d36ddb74e86620e9.jpg,d36ddb74e86620e9.txt
d38bf2e61080f6fa.jpg,d38bf2e61080f6fa.txt
d3cc17c237d6fe49.jpg,d3cc17c237d6fe49.txt
d3ed5cf8001b8a22.jpg,d3ed5cf8001b8a22.txt
d419b95f5facae3a.jpg,d419b95f5facae3a.txt
d47a900c99758536.jpg,d47a900c99758536.txt
d4f88d50e14923ae.jpg,d4f88d50e14923ae.txt
d50dcd1ec1651441.jpg,d50dcd1ec1651441.txt
d51e9077eb1cc9ca.jpg,d51e9077eb1cc9ca.txt
d58498e28348a23d.jpg,d58498e28348a23d.txt
d5c0552588074c40.jpg,d5c0552588074c40.txt
d6fd99f148f8fd15.jpg,d6fd99f148f8fd15.txt
d706049d26e3aa3e.jpg,d706049d26e3aa3e.txt
d7939fbfa77917d7.jpg,d7939fbfa77917d7.txt
d7cd0bd20cafdbaa.jpg,d7cd0bd20cafdbaa.txt
d88db60fe71b6d45.jpg,d88db60fe71b6d45.txt
d89c8f439a3049d4.jpg,d89c8f439a3049d4.txt
d8b631e154418150.jpg,d8b631e154418150.txt
d8b9e6727109ac80.jpg,d8b9e6727109ac80.txt
d911bf432e16d6dc.jpg,d911bf432e16d6dc.txt
d96bc4211c26d981.jpg,d96bc4211c26d981.txt
d996db61bf0b885d.jpg,d996db61bf0b885d.txt
d9b7982e7bb4e6cd.jpg,d9b7982e7bb4e6cd.txt
d9f8c8c07b6987eb.jpg,d9f8c8c07b6987eb.txt
da32f892197575f5.jpg,da32f892197575f5.txt
da535d8981f89899.jpg,da535d8981f89899.txt
da78367769f7a2d4.jpg,da78367769f7a2d4.txt
dad945d786670540.jpg,dad945d786670540.txt
daf3518b6a5ce75a.jpg,daf3518b6a5ce75a.txt
db50fb64d7bcce57.jpg,db50fb64d7bcce57.txt
db5223790655e51f.jpg,db5223790655e51f.txt
db523ba427a9d2d8.jpg,db523ba427a9d2d8.txt
dbc3374f581b9a1e.jpg,dbc3374f581b9a1e.txt
dc01242a49232c42.jpg,dc01242a49232c42.txt
dd1ad7eb54fba1cc.jpg,dd1ad7eb54fba1cc.txt
dd2f648e104a087b.jpg,dd2f648e104a087b.txt
dd760722485650a0.jpg,dd760722485650a0.txt
dd8d6c002fbd352c.jpg,dd8d6c002fbd352c.txt
de7a301d43b8c843.jpg,de7a301d43b8c843.txt
de7fb210dedf6a44.jpg,de7fb210dedf6a44.txt
de8aea5045fbc747.jpg,de8aea5045fbc747.txt
def93fb53e9486b6.jpg,def93fb53e9486b6.txt
df26d96350d95890.jpg,df26d96350d95890.txt
df2f97a46c35ffce.jpg,df2f97a46c35ffce.txt
df35b5ecfc7b756a.jpg,df35b5ecfc7b756a.txt
e025824814af71e2.jpg,e025824814af71e2.txt
e0eb182d71707004.jpg,e0eb182d71707004.txt
e15de5851699907b.jpg,e15de5851699907b.txt
e196bdff008321d6.jpg,e196bdff008321d6.txt
e1f914864f0adc9e.jpg,e1f914864f0adc9e.txt
e323500a73a5d820.jpg,e323500a73a5d820.txt
e32af0fb399208f5.jpg,e32af0fb399208f5.txt
e394b95249cf60b6.jpg,e394b95249cf60b6.txt
e3cd8778f112bf0a.jpg,e3cd8778f112bf0a.txt
e3d6cbb594d2ca50.jpg,e3d6cbb594d2ca50.txt
e3e579872b533e1d.jpg,e3e579872b533e1d.txt
e4aca103d26752cb.jpg,e4aca103d26752cb.txt
e4b88df5ad05cde6.jpg,e4b88df5ad05cde6.txt
e4ca34405a525536.jpg,e4ca34405a525536.txt
e4d99d66e6692cee.jpg,e4d99d66e6692cee.txt
e529d415ad708b65.jpg,e529d415ad708b65.txt
e54b1870437a04f7.jpg,e54b1870437a04f7.txt
e59334c24accd2cd.jpg,e59334c24accd2cd.txt
e5998cab88790661.jpg,e5998cab88790661.txt
e5a4f3382eed1b6e.jpg,e5a4f3382eed1b6e.txt
e5f7bc2a3c6281e2.jpg,e5f7bc2a3c6281e2.txt
e69ec8dc6c4bab5a.jpg,e69ec8dc6c4bab5a.txt
e6dabfb27f4d737c.jpg,e6dabfb27f4d737c.txt
e70654076c0cd027.jpg,e70654076c0cd027.txt
e7d620e55ff1abbe.jpg,e7d620e55ff1abbe.txt
e7fdb4077102001b.jpg,e7fdb4077102001b.txt
e7fee5524fea25ef.jpg,e7fee5524fea25ef.txt
e84955ea46a34cc5.jpg,e84955ea46a34cc5.txt
e87b5b2809077199.jpg,e87b5b2809077199.txt
e8ee534e289d5aed.jpg,e8ee534e289d5aed.txt
e9375426d3e5163e.jpg,e9375426d3e5163e.txt
e9433b5dcd9e8574.jpg,e9433b5dcd9e8574.txt
e9c3b8bfa177d9bf.jpg,e9c3b8bfa177d9bf.txt
ea68a21f657a26b1.jpg,ea68a21f657a26b1.txt
ea89fc5ba7b1aeac.jpg,ea89fc5ba7b1aeac.txt
eabdef66cc62423d.jpg,eabdef66cc62423d.txt
ead6df1d05bd64bb.jpg,ead6df1d05bd64bb.txt
eaf00a53f9d54f45.jpg,eaf00a53f9d54f45.txt
eaf7963675ef41da.jpg,eaf7963675ef41da.txt
eb5e17729e073693.jpg,eb5e17729e073693.txt
eb6dde4c539729fe.jpg,eb6dde4c539729fe.txt
eb920fdf4c246d3d.jpg,eb920fdf4c246d3d.txt
ebd71ed10340b9e4.jpg,ebd71ed10340b9e4.txt
ec6c23239c5ddbd5.jpg,ec6c23239c5ddbd5.txt
ec7e945972b58b37.jpg,ec7e945972b58b37.txt
ecc3fe5ea016eef8.jpg,ecc3fe5ea016eef8.txt
ed1110e7da23cbf8.jpg,ed1110e7da23cbf8.txt
ed2245d2deaa2ea5.jpg,ed2245d2deaa2ea5.txt
ed3905913e539b25.jpg,ed3905913e539b25.txt
edc8df0d60f9156f.jpg,edc8df0d60f9156f.txt
edca4d509c320ecc.jpg,edca4d509c320ecc.txt
edd5a8023105aa9d.jpg,edd5a8023105aa9d.txt
edf1235b4b50ec7b.jpg,edf1235b4b50ec7b.txt
ee1d3abe5986ae34.jpg,ee1d3abe5986ae34.txt
ee3171eb124fe1ed.jpg,ee3171eb124fe1ed.txt
ee5c49b8133278a8.jpg,ee5c49b8133278a8.txt
eea52b068dd6f81c.jpg,eea52b068dd6f81c.txt
eeabb2bb1c46e226.jpg,eeabb2bb1c46e226.txt
eeb8a460bed927ae.jpg,eeb8a460bed927ae.txt
eec5e39f92a225cf.jpg,eec5e39f92a225cf.txt
ef43659b802f57dd.jpg,ef43659b802f57dd.txt
ef4a357565b406e6.jpg,ef4a357565b406e6.txt
ef84b1cc527f8815.jpg,ef84b1cc527f8815.txt
ef902732cdc0c732.jpg,ef902732cdc0c732.txt
efb61e14cfd1d193.jpg,efb61e14cfd1d193.txt
eff1c42f4d6e39ea.jpg,eff1c42f4d6e39ea.txt
f0047c7d0029f384.jpg,f0047c7d0029f384.txt
f140d122a195350e.jpg,f140d122a195350e.txt
f1b336e43e58ce9c.jpg,f1b336e43e58ce9c.txt
f215a68ff842283a.jpg,f215a68ff842283a.txt
f28d314593c25b93.jpg,f28d314593c25b93.txt
f29b7e85b7779f34.jpg,f29b7e85b7779f34.txt
f29e091a24b2e6b5.jpg,f29e091a24b2e6b5.txt
f31aa1236778aac3.jpg,f31aa1236778aac3.txt
f39752f9ec94318a.jpg,f39752f9ec94318a.txt
f3fc7b1052debd36.jpg,f3fc7b1052debd36.txt
f46491e7e27f066e.jpg,f46491e7e27f066e.txt
f48bb555a88bd8a2.jpg,f48bb555a88bd8a2.txt
f50a51c256f78477.jpg,f50a51c256f78477.txt
f56cc29221bcb91f.jpg,f56cc29221bcb91f.txt
f573f4df13025663.jpg,f573f4df13025663.txt
f5db1124ab158298.jpg,f5db1124ab158298.txt
f6405d2d10b6ca28.jpg,f6405d2d10b6ca28.txt
f6855459d3731f68.jpg,f6855459d3731f68.txt
f6b7d111c1445e95.jpg,f6b7d111c1445e95.txt
f6e642e4c28d5ca5.jpg,f6e642e4c28d5ca5.txt
f6efe8555f11e5b7.jpg,f6efe8555f11e5b7.txt
f70fadd092d24dc8.jpg,f70fadd092d24dc8.txt
f750a374fb5da38e.jpg,f750a374fb5da38e.txt
f77eba18487d0edf.jpg,f77eba18487d0edf.txt
f7956c744aa53f0e.jpg,f7956c744aa53f0e.txt
f7ced61cc70ff608.jpg,f7ced61cc70ff608.txt
f82956888dd1d77d.jpg,f82956888dd1d77d.txt
f85550be83cf8299.jpg,f85550be83cf8299.txt
f91eb67f856a0773.jpg,f91eb67f856a0773.txt
f938e60ebd34fa93.jpg,f938e60ebd34fa93.txt
f97dbfe118b9790f.jpg,f97dbfe118b9790f.txt
fa2184f9d56b1720.jpg,fa2184f9d56b1720.txt
fa6442e1ff088056.jpg,fa6442e1ff088056.txt
fc390986b1340fb6.jpg,fc390986b1340fb6.txt
fd87cb614af94876.jpg,fd87cb614af94876.txt
fdb81f23e8f25804.jpg,fdb81f23e8f25804.txt
fe0ca5134ba3ce15.jpg,fe0ca5134ba3ce15.txt
fe39b96ad194cc51.jpg,fe39b96ad194cc51.txt
fe55e015e92b0869.jpg,fe55e015e92b0869.txt
feada32a28f57994.jpg,feada32a28f57994.txt
feae1846566b7650.jpg,feae1846566b7650.txt
feda80bb8de1e66b.jpg,feda80bb8de1e66b.txt
fee1defb46a47d8b.jpg,fee1defb46a47d8b.txt
fef86c6b0cc8292d.jpg,fef86c6b0cc8292d.txt
ff2262e36dfe8478.jpg,ff2262e36dfe8478.txt
ff5b17e355394f3e.jpg,ff5b17e355394f3e.txt
ffa549f78f160453.jpg,ffa549f78f160453.txt
0_0.png,0_0.txt
0_1.png,0_1.txt
0_10.png,0_10.txt
0_100.png,0_100.txt
0_101.png,0_101.txt
0_102.png,0_102.txt
0_103.png,0_103.txt
0_104.png,0_104.txt
0_105.png,0_105.txt
0_106.png,0_106.txt
0_107.png,0_107.txt
0_108.png,0_108.txt
0_109.png,0_109.txt
0_11.png,0_11.txt
0_110.png,0_110.txt
0_112.png,0_112.txt
0_113.png,0_113.txt
0_114.png,0_114.txt
0_115.png,0_115.txt
0_116.png,0_116.txt
0_117.png,0_117.txt
0_118.png,0_118.txt
0_119.png,0_119.txt
0_12.png,0_12.txt
0_120.png,0_120.txt
0_121.png,0_121.txt
0_122.png,0_122.txt
0_123.png,0_123.txt
0_124.png,0_124.txt
0_125.png,0_125.txt
0_126.png,0_126.txt
0_127.png,0_127.txt
0_128.png,0_128.txt
0_129.png,0_129.txt
0_13.png,0_13.txt
0_130.png,0_130.txt
0_131.png,0_131.txt
0_132.png,0_132.txt
0_133.png,0_133.txt
0_134.png,0_134.txt
0_135.png,0_135.txt
0_136.png,0_136.txt
0_137.png,0_137.txt
0_138.png,0_138.txt
0_139.png,0_139.txt
0_140.png,0_140.txt
0_141.png,0_141.txt
0_142.png,0_142.txt
0_143.png,0_143.txt
0_144.png,0_144.txt
0_145.png,0_145.txt
0_146.png,0_146.txt
0_147.png,0_147.txt
0_148.png,0_148.txt
0_149.png,0_149.txt
0_15.png,0_15.txt
0_150.png,0_150.txt
0_151.png,0_151.txt
0_152.png,0_152.txt
0_153.png,0_153.txt
0_154.png,0_154.txt
0_155.png,0_155.txt
0_156.png,0_156.txt
0_157.png,0_157.txt
0_158.png,0_158.txt
0_159.png,0_159.txt
0_16.png,0_16.txt
0_160.png,0_160.txt
0_161.png,0_161.txt
0_162.png,0_162.txt
0_163.png,0_163.txt
0_164.png,0_164.txt
0_165.png,0_165.txt
0_166.png,0_166.txt
0_167.png,0_167.txt
0_168.png,0_168.txt
0_169.png,0_169.txt
0_17.png,0_17.txt
0_170.png,0_170.txt
0_171.png,0_171.txt
0_172.png,0_172.txt
0_173.png,0_173.txt
0_174.png,0_174.txt
0_175.png,0_175.txt
0_176.png,0_176.txt
0_177.png,0_177.txt
0_178.png,0_178.txt
0_179.png,0_179.txt
0_18.png,0_18.txt
0_180.png,0_180.txt
0_181.png,0_181.txt
0_182.png,0_182.txt
0_183.png,0_183.txt
0_184.png,0_184.txt
0_185.png,0_185.txt
0_186.png,0_186.txt
0_187.png,0_187.txt
0_188.png,0_188.txt
0_189.png,0_189.txt
0_19.png,0_19.txt
0_190.png,0_190.txt
0_191.png,0_191.txt
0_192.png,0_192.txt
0_193.png,0_193.txt
0_194.png,0_194.txt
0_195.png,0_195.txt
0_196.png,0_196.txt
0_197.png,0_197.txt
0_198.png,0_198.txt
0_199.png,0_199.txt
0_2.png,0_2.txt
0_20.png,0_20.txt
0_200.png,0_200.txt
0_201.png,0_201.txt
0_202.png,0_202.txt
0_203.png,0_203.txt
0_204.png,0_204.txt
0_205.png,0_205.txt
0_206.png,0_206.txt
0_207.png,0_207.txt
0_208.png,0_208.txt
0_209.png,0_209.txt
0_21.png,0_21.txt
0_210.png,0_210.txt
0_211.png,0_211.txt
0_212.png,0_212.txt
0_213.png,0_213.txt
0_214.png,0_214.txt
0_215.png,0_215.txt
0_216.png,0_216.txt
0_217.png,0_217.txt
0_218.png,0_218.txt
0_219.png,0_219.txt
0_22.png,0_22.txt
0_220.png,0_220.txt
0_221.png,0_221.txt
0_222.png,0_222.txt
0_223.png,0_223.txt
0_224.png,0_224.txt
0_225.png,0_225.txt
0_226.png,0_226.txt
0_227.png,0_227.txt
0_228.png,0_228.txt
0_229.png,0_229.txt
0_23.png,0_23.txt
0_230.png,0_230.txt
0_24.png,0_24.txt
0_25.png,0_25.txt
0_26.png,0_26.txt
0_27.png,0_27.txt
0_28.png,0_28.txt
0_29.png,0_29.txt
0_3.png,0_3.txt
0_30.png,0_30.txt
0_31.png,0_31.txt
0_32.png,0_32.txt
0_33.png,0_33.txt
0_34.png,0_34.txt
0_35.png,0_35.txt
0_36.png,0_36.txt
0_37.png,0_37.txt
0_38.png,0_38.txt
0_39.png,0_39.txt
0_4.png,0_4.txt
0_40.png,0_40.txt
0_41.png,0_41.txt
0_42.png,0_42.txt
0_43.png,0_43.txt
0_44.png,0_44.txt
0_45.png,0_45.txt
0_46.png,0_46.txt
0_47.png,0_47.txt
0_48.png,0_48.txt
0_49.png,0_49.txt
0_5.png,0_5.txt
0_50.png,0_50.txt
0_51.png,0_51.txt
0_52.png,0_52.txt
0_53.png,0_53.txt
0_54.png,0_54.txt
0_55.png,0_55.txt
0_56.png,0_56.txt
0_57.png,0_57.txt
0_58.png,0_58.txt
0_59.png,0_59.txt
0_6.png,0_6.txt
0_60.png,0_60.txt
0_61.png,0_61.txt
0_62.png,0_62.txt
0_63.png,0_63.txt
0_64.png,0_64.txt
0_65.png,0_65.txt
0_66.png,0_66.txt
0_67.png,0_67.txt
0_68.png,0_68.txt
0_69.png,0_69.txt
0_70.png,0_70.txt
0_71.png,0_71.txt
0_72.png,0_72.txt
0_73.png,0_73.txt
0_74.png,0_74.txt
0_75.png,0_75.txt
0_76.png,0_76.txt
0_77.png,0_77.txt
0_78.png,0_78.txt
0_79.png,0_79.txt
0_8.png,0_8.txt
0_80.png,0_80.txt
0_81.png,0_81.txt
0_82.png,0_82.txt
0_83.png,0_83.txt
0_85.png,0_85.txt
0_86.png,0_86.txt
0_87.png,0_87.txt
0_88.png,0_88.txt
0_89.png,0_89.txt
0_9.png,0_9.txt
0_90.png,0_90.txt
0_91.png,0_91.txt
0_92.png,0_92.txt
0_93.png,0_93.txt
0_94.png,0_94.txt
0_95.png,0_95.txt
0_96.png,0_96.txt
0_97.png,0_97.txt
0_98.png,0_98.txt
0_99.png,0_99.txt